codneg,iq,tipo,adm,urendrs,urendpercent,urenddatapag,urenddatabase,rendmed12rs,rendmed12percent,ppc,cvp,nnegmed,ifix,ncotistas,patrimonio
ABCP11,Geral,Tijolo: Shoppings,Rio Bravo Investimentos,0.49,0.47000000000000003,2020-03-06,2020-02-28,0.5,0.48000000000000004,85.03,1.23,6092,1.59,21909,1037662546.93
ALMI11,Geral,Tijolo: Escritórios,BTG Pactual,0.37,NA,2017-04-13,2017-03-31,0,NA,1985.1299999999999,0,931,0.26,4241,220701251.41
ALZR11,Geral,Tijolo: Híbrido,BTG Pactual,0.59,0.46,2020-02-21,2020-02-14,0.56,0.43000000000000005,94.66,1.37,17359,0.42000000000000004,39624,270802753.57
ANCR11B,Geral,Tijolo: Shoppings,Geração Futuro Corretora de Valores,33.849999999999994,1.28,2019-11-25,2019-10-31,8.44,0.32,3454.56,0.77,2,0,56,1558394971.56
AQLL11,Investidor Qualificado,Papel: Fundo de Fundos,FOCO DTVM,0,NA,NA,NA,0,NA,1504.7,0,3,0,37,147794657.94
ARFI11B,Investidor Qualificado,Tijolo: Galpões,FOCO DTVM,0,NA,NA,NA,0,NA,1220.99,0,2,0,29,139259333.37
ARRI11,Geral,Papel: CRIs,Oliveira Trust,0.28,0.3,2020-03-06,2020-02-28,0.1,0.11,94.88,1,677,0,1891,37230338.63
ATCR11,Investidor Qualificado,Tijolo: Escritórios,RJI CTVM LTDA,0.09,NA,2020-01-09,2019-12-30,0.03,NA,75.86999999999999,0,0,0,33,70478890.74000001
ATSA11,Geral,Tijolo: Shoppings,Hedge Investments DTVM LTDA,0.25,0.18,2020-03-13,2020-02-28,0.3,0.22,111.44000000000001,1.23,68,0,194,191135103.81
BARI11,Investidor Qualificado,Papel: CRIs,Oliveira Trust,0.71,0.6599999999999999,2020-03-20,2020-02-28,0.69,0.65,99.93,1.07,5621,0.32,4865,223264062.08
BBFI11B,Geral,Tijolo: Escritórios,BTG Pactual,27.16,1.12,2020-03-13,2020-02-28,25.32,1.05,3150.8300000000004,0.77,2221,0.43000000000000005,6636,409607752.71
BBIM11,Investidor Qualificado,Papel: CRIs,BB Gestão de Recursos,0.6799999999999999,NA,2020-03-13,2020-02-28,0.65,NA,72.81,0,0,0,20,75356541.63
BBPO11,Geral,Tijolo: Bancário,Votorantim Asset Management,1.06,0.6599999999999999,2020-03-13,2020-02-28,1.04,0.65,102.17999999999999,1.57,32508,3.3499999999999996,66161,1626618827.01
BBRC11,Geral,Tijolo: Bancário,Votorantim Asset Management,0.92,0.62,2020-03-13,2020-02-28,0.93,0.63,110.43,1.34,2038,0.29000000000000004,7222,175590021.62
BBVJ11,Geral,Tijolo: Escritórios,Votorantim Asset Management,0.32999999999999996,0.61,2019-01-09,2018-12-28,0,0,57.57,0.9400000000000001,1572,0.22,2129,156006766.67
BCFF11,Geral,Papel: Fundo de Fundos,BTG Pactual,0.53,0.54,2020-03-13,2020-03-06,0.55,0.56,91.69,1.07,130246,2.4699999999999998,162562,1885496925.95
BCIA11,Geral,Papel: Fundo de Fundos,Banco Bradesco,1,0.49,2020-03-27,2020-02-28,1.28,0.62,138.76,1.47,7482,0.41000000000000003,5392,234457207.91
BCRI11,Geral,Papel: CRIs,BRL Trust DTVM,1.04,0.91,2020-03-13,2020-02-28,0.8500000000000001,0.75,105.33,1.08,10363,0.63,22329,263336592.54
BICR11,Geral,Papel: CRIs,Inter DTVM,0.33999999999999997,0.3,2020-03-13,2020-02-28,0.23,0.2,100.56,1.12,1386,0,997,50279710.230000004
BMII11,Geral,Tijolo: Escritórios,Rio Bravo Investimentos,0.23,NA,2019-08-07,2019-07-31,0.09,NA,503.36,0,0,0,12,70469816.13
BMLC11B,Geral,Tijolo: Escritórios,BTG Pactual,0.53,0.5,2020-03-13,2020-03-06,0.43000000000000005,0.41000000000000003,94.06,1.12,611,0.13,1790,93906205.5
BNFS11,Geral,Tijolo: Bancário,Oliveira Trust,0.8600000000000001,0.6699999999999999,2020-03-13,2020-02-28,0.89,0.69,95.58,1.35,1029,0,1761,66908327.53
BPFF11,Geral,Papel: Fundo de Fundos,Geração Futuro Corretora de Valores,0.75,0.63,2020-03-06,2020-02-28,0.77,0.65,102.01,1.1600000000000001,4297,0.7899999999999999,9850,272242397.8
BPML11,Investidor Qualificado,Tijolo: Shoppings,BTG Pactual,0.6,0.5,2020-02-21,2020-02-14,0.07,0.06,101.34,1.1800000000000002,132,0,230,436293999.25
BPRP11,Investidor Qualificado,Tijolo: Galpões,BTG Pactual,0.76,0.77,2020-03-13,2020-03-06,0.43000000000000005,0.44,103.66,0.9500000000000001,1,0,66,139922018.48000002
BRCO11,Geral,Tijolo: Galpões,Oliveira Trust,0.55,0.42000000000000004,2020-03-06,2020-02-28,0.09,0.07,95.91000000000001,1.35,24978,0,9566,1205283984.1
BRCR11,Geral,Tijolo: Escritórios,BTG Pactual,0.56,0.52,2020-03-13,2020-03-06,0.53,0.5,110.11,0.98,108748,3.11,93036,2523633169.73
BREV11,Investidor Qualificado,Tijolo: Escritórios,BR-CAPITAL,0.48000000000000004,0.44,2020-03-13,2020-03-05,0.08,0.07,108.13,1.02,1,0,23,67337723.84
BRHT11B,Investidor Qualificado,Tijolo: Hotéis,BNY Mellon,0.8600000000000001,NA,2014-07-14,2014-06-30,0,NA,85.72,0,0,0,11,157860282.23999998
BTCR11,Geral,Papel: CRIs,BTG Pactual,0.61,0.61,2020-03-13,2020-03-06,0.61,0.61,97.14999999999999,1.03,6820,0.65,6200,467323471.76
BTLG11,Geral,Tijolo: Galpões,BTG Pactual,0.6,0.55,2020-02-21,2020-02-14,0.45,0.41000000000000003,100.77,1.08,7634,0.43000000000000005,19122,341058328.98999995
BVAR11,Geral,Tijolo: Varejo,Rio Bravo Investimentos,6.619999999999999,NA,2020-02-28,2020-02-14,8.450000000000001,NA,1207.36,0,0,0,69,755250402.2800001
BZLI11,Investidor Qualificado,Híbrido (Tijolo/Papel),FOCO DTVM,0,NA,NA,NA,0,NA,11.860000000000001,0,163,0,34,418854137.52
CARE11,Geral,Tijolo: Outros,Planner Corretora de Valores,0,NA,NA,NA,0,NA,1.4,0,7786,0.19,6226,249657925.39000002
CBOP11,Geral,Tijolo: Escritórios,Credit Suisse Hedging-Griffo,0.49,0.55,2020-03-13,2020-02-28,0.5,0.56,85.57,1.05,1479,0.17,4086,121084978.09
CEOC11,Geral,Tijolo: Escritórios,BTG Pactual,0.56,0.6,2020-03-13,2020-03-06,0.56,0.6,98.29,0.9500000000000001,4023,0.21000000000000002,6909,178455907.79
CNES11,Geral,Tijolo: Escritórios,BTG Pactual,0.18,0.21000000000000002,2020-02-27,2020-02-18,0.18,0.21000000000000002,95.78,0.89,1185,0.29000000000000004,3142,282487658.88
CPFF11,Geral,Papel: Fundo de Fundos,Vórtx DTVM LTDA,0.58,0.58,2020-03-13,2020-03-06,0.1,0.1,98.25,1.02,29875,0,10115,235810253.83
CPTS11B,Investidor Qualificado,Papel: CRIs,BTG Pactual,0.65,0.6,2020-02-14,2020-01-31,0.69,0.64,98.07,1.1,23550,0.6,14259,305484992.96999997
CRFF11,Geral,Papel: Fundo de Fundos,Caixa Econômica Federal,0.7,0.6599999999999999,2020-03-11,2020-03-02,0.41000000000000003,0.38,103.42,1.03,880,0,1228,71365626.28
CTXT11,Geral,Tijolo: Outros,Rio Bravo Investimentos,0.38,0.6699999999999999,2020-03-09,2020-02-28,0.37,0.65,53.309999999999995,1.07,1578,0.2,3755,138305434.47
CVBI11,Geral,Papel: CRIs,BRL Trust DTVM,0.73,0.73,2020-03-17,2020-03-10,0.36,0.36,100.16,1,9429,0,3453,353256645.7
CXCE11B,Geral,Tijolo: Escritórios,Caixa Econômica Federal,20.12,0.7799999999999999,2020-03-13,2020-02-28,19.84,0.77,2154.24,1.2,319,0.23,1294,147604215.79
CXRI11,Geral,Papel: Fundo de Fundos,Caixa Econômica Federal,8.5,0.58,2020-03-11,2020-03-02,11.38,0.77,1119.1,1.32,896,0.28,1845,176343450.14
CXTL11,Geral,Tijolo: Galpões,Caixa Econômica Federal,1.08,0.28,2020-03-13,2020-02-28,0.99,0.26,767.87,0.51,67,0,579,41155777.47
DAMT11B,Geral,Tijolo: Shoppings,Banco Modal S.A.,0,NA,NA,NA,0,NA,1.32,0,3,0,51,128602819.13
DMAC11,Investidor Qualificado,Tijolo: Desenvolvimento,Oliveira Trust,3.4499999999999997,0.73,2020-03-16,2020-03-06,5.07,1.07,802.22,0.59,292,0,417,125233548.33
DOMC11,Geral,Tijolo: Escritórios,Monetar DTVM,5.33,NA,2016-05-10,2016-05-02,0,NA,989.9399999999999,0,243,0,1161,241921029.5
DOVL11B,Investidor Qualificado,Tijolo: Escritórios,BNY Mellon,4.84,NA,2020-02-21,2020-02-13,5.319999999999999,NA,1247.04,0,1,0,52,74156566.07
DRIT11B,Geral,Tijolo: Escritórios,Rio Bravo Investimentos,0.7,0.38,2020-03-13,2020-03-05,0.61,0.32999999999999996,131.32000000000002,1.42,50,0,290,60837063.08
EDFO11B,Geral,Tijolo: Escritórios,Oliveira Trust,1.52,0.56,2020-03-10,2020-02-28,1.6500000000000001,0.61,203.08,1.33,178,0,670,47926286.2
EDGA11,Geral,Tijolo: Escritórios,BTG Pactual,0.19,0.36,2020-02-28,2020-02-19,0.2,0.39,78.66,0.6599999999999999,3949,0.21000000000000002,6915,299846534.55
ELDO11B,Geral,Tijolo: Shoppings,Rio Bravo Investimentos,4.3,NA,2020-03-19,2020-03-11,6.7,NA,1162.52,0,0,0,61,915197494.2900001
ERPA11,Investidor Qualificado,Tijolo: Escritórios,Oliveira Trust,0,NA,NA,NA,0,NA,99.51,0,0,0,3,19746573.09
EURO11,Geral,Tijolo: Galpões,COINVALORES,0.7,0.38,2020-03-17,2020-02-28,1.1400000000000001,0.61,306.38,0.61,575,0.08,1905,117628890.78
FAED11,Geral,Tijolo: Educacional,BTG Pactual,1.58,0.61,2020-03-13,2020-03-06,1.55,0.6,204.99,1.27,3574,0.19,5486,131637576.09
FAMB11B,Geral,Tijolo: Escritórios,BTG Pactual,28.43,1.05,2020-03-12,2020-02-28,29.330000000000002,1.09,3463.67,0.7799999999999999,1121,0.38,3851,362992370.01
FCFL11,Geral,Tijolo: Educacional,BTG Pactual,0.58,0.43000000000000005,2020-02-21,2020-02-14,0.58,0.43000000000000005,106.03,1.28,3888,0.54,3944,354135717.25
FEXC11,Geral,Papel: CRIs,BTG Pactual,0.7,0.63,2020-03-13,2020-03-06,0.73,0.6599999999999999,99.61,1.12,5682,0.29000000000000004,8284,243394017.93
FIGS11,Geral,Tijolo: Shoppings,Hedge Investments DTVM LTDA,0.39,0.48000000000000004,2020-03-13,2020-02-28,0.63,0.76,98.51,0.8300000000000001,13122,0.27,18515,280758413.47999996
FIIB11,Geral,Tijolo: Galpões,COINVALORES,2.8,0.51,2020-03-10,2020-02-28,2.67,0.49,421.08,1.3,3648,0.47000000000000003,17715,288440659.45
FIIP11B,Geral,Tijolo: Galpões,Oliveira Trust,0.8600000000000001,0.42000000000000004,2020-03-13,2020-02-28,1.22,0.6,195.39000000000001,1.03,1617,0.22,6260,181154745.81
FINF11,Investidor Qualificado,Tijolo: Galpões,Planner Corretora de Valores,0.32999999999999996,NA,2020-03-06,2020-02-28,0.13,NA,143.47,0,0,0,4,117664642.86
FISC11,Geral,Tijolo: Escritórios,Corretora Geral de Valores e Cambio,5.609999999999999,NA,2019-12-31,2019-07-15,0.47000000000000003,NA,1621.2,0,1,0,67,252006402.9
FISD11,Investidor Qualificado,Papel: CRIs,RJI CTVM LTDA,0,NA,NA,NA,0,NA,88.34,0,1,0,25,94755005.77
FIVN11,Geral,Tijolo: Shoppings,Oliveira Trust,0,NA,NA,NA,0,NA,8.68,0,2814,0,1697,81735780.52
FLMA11,Geral,Tijolo: Escritórios,BR-CAPITAL,0.01,0.32,2020-03-13,2020-03-05,0.01,0.4,2.9,1.28,42849,0.32999999999999996,56547,200067577.4
FLRP11,Geral,Tijolo: Shoppings,BTG Pactual,13.52,0.8600000000000001,2020-02-28,2020-02-19,7.18,0.46,1595.55,0.99,162,0.12000000000000001,929,95437560.5
FMOF11,Geral,Tijolo: Escritórios,COIN DTVM,0.27,0.25,2020-01-17,2019-12-30,0.1,0.09,130.94,0.8400000000000001,123,0,357,66517549.29000001
FOFT11,Geral,Papel: Fundo de Fundos,Hedge Investments DTVM LTDA,1.1500000000000001,1.03,2019-12-13,2019-11-29,0.7,0.62,104.98,1.06,7069,0,3055,125562421.95
FPAB11,Geral,Tijolo: Escritórios,COIN DTVM,1.7,0.42000000000000004,2020-03-13,2020-02-28,1.92,0.47000000000000003,413.85,0.98,219,0.41000000000000003,1010,310388204.41999996
FPNG11,Geral,Tijolo: Escritórios,BR-CAPITAL,0.32999999999999996,NA,2020-03-13,2020-03-05,0.55,NA,161.46,0,1,0,50,143055627.39000002
FTCE11B,Investidor Qualificado,Híbrido (Tijolo/Papel),BNY Mellon,164.66,NA,2019-12-04,2019-12-03,20.310000000000002,NA,2408.38,0,3,0,57,1901373586.21
FVBI11,Geral,Tijolo: Escritórios,BTG Pactual,0.63,0.41000000000000003,2020-03-06,2020-02-28,0.49,0.32,159.76,0.97,2433,0.45,4416,343481339.63
FVPQ11,Geral,Tijolo: Shoppings,Rio Bravo Investimentos,0.8700000000000001,0.41000000000000003,2020-03-09,2020-02-28,1.1800000000000002,0.56,214.48000000000002,0.99,3338,0.33999999999999997,5429,600578628.62
GESE11B,Investidor Qualificado,Tijolo: Educacional,Oliveira Trust,8.98,NA,2020-03-13,2020-02-28,13.9,NA,1327.57,0,0,0,54,69033895
GGRC11,Geral,Tijolo: Galpões,CM Capital Markets,0.73,0.53,2020-03-09,2020-03-02,0.72,0.52,118.57,1.1600000000000001,34520,1.11,67063,771059468.1800001
GRLV11,Geral,Tijolo: Galpões,Credit Suisse Hedging-Griffo,0.64,0.5,2020-03-13,2020-02-28,0.6699999999999999,0.52,131.51,0.98,3088,0.19,2467,141176542.01
GSFI11,Geral,Tijolo: Shoppings,Planner Corretora de Valores,0,NA,NA,NA,0,NA,9.209999999999999,0,2474,0.29000000000000004,2669,630667402.3199999
GTWR11,Geral,Tijolo: Escritórios,Votorantim Asset Management,0.69,0.59,2020-03-13,2020-02-28,0.72,0.61,98.24000000000001,1.1900000000000002,22515,1.87,10906,1178822340.74
HABT11,Geral,Papel: CRIs,Vórtx DTVM LTDA,0.8,0.69,2020-03-12,2020-02-28,0.47000000000000003,0.41000000000000003,101.86999999999999,1.1400000000000001,19095,0.56,9370,390033056.56
HBTT11,Geral,Papel: CRIs,Vórtx DTVM LTDA,11,0.8600000000000001,2020-03-13,2020-02-28,10.5,0.8200000000000001,1065.83,1.2,44,0,125,192078053.76999998
HCRI11,Geral,Tijolo: Hospital,BTG Pactual,2.65,0.62,2020-02-20,2020-02-13,2.56,0.6,291.77,1.47,660,0.11,2895,58354753.28
HCTR11,Geral,Papel: CRIs,Vórtx DTVM LTDA,1.92,1.58,2020-03-13,2020-03-06,0.93,0.76,114.96000000000001,1.06,7299,0.37,3674,123248895.39
HFOF11,Geral,Papel: Fundo de Fundos,Hedge Investments DTVM LTDA,0.7,0.6,2020-03-13,2020-02-28,0.91,0.7899999999999999,109.33,1.06,40235,2.23,32230,1232868433.1899998
HGBS11,Geral,Tijolo: Shoppings,Hedge Investments DTVM LTDA,1.4,0.5,2020-03-13,2020-02-28,1.45,0.52,240.43,1.1700000000000002,42336,3.48,57016,2404321609.92
HGCR11,Geral,Papel: CRIs,Credit Suisse Hedging-Griffo,0.6,0.53,2020-03-13,2020-02-28,0.69,0.61,106.27,1.07,57408,1.82,57909,1314826409.3899999
HGFF11,Geral,Papel: Fundo de Fundos,Credit Suisse Hedging-Griffo,0.6,0.54,2020-03-13,2020-02-28,0.3,0.26,107.74000000000001,1.04,13732,0.43000000000000005,3964,193923115.58
HGLG11,Geral,Tijolo: Galpões,Credit Suisse Hedging-Griffo,0.7799999999999999,0.44,2020-03-13,2020-02-28,0.77,0.43000000000000005,135.85000000000002,1.31,88552,2.57,170510,1614142884.24
HGPO11,Geral,Tijolo: Escritórios,Credit Suisse Hedging-Griffo,0.89,0.41000000000000003,2020-03-13,2020-02-28,0.8500000000000001,0.4,203.41,1.06,3874,0.45,8446,335624474.55
HGRE11,Geral,Tijolo: Escritórios,Credit Suisse Hedging-Griffo,0.74,0.41000000000000003,2020-03-13,2020-02-28,0.77,0.43000000000000005,163.28,1.1,63799,2.3699999999999997,84488,1765373422.84
HGRU11,Geral,Tijolo: Educacional,Credit Suisse Hedging-Griffo,0.6799999999999999,0.52,2020-03-13,2020-02-28,0.69,0.53,107.99000000000001,1.2,85945,1.6,34386,1051925197.3499999
HLOG11,Investidor Qualificado,Tijolo: Galpões,Hedge Investments DTVM LTDA,0.63,0.49,2020-03-13,2020-02-28,0.25,0.19,111.56,1.1500000000000001,203,0,151,172923912.58
HMOC11,Geral,Tijolo: Shoppings,Hedge Investments DTVM LTDA,1.27,0.5,2020-03-13,2020-02-28,1.28,0.51,213.54,1.1800000000000002,44,0,261,81577130.66
HOSI11,Geral,Tijolo: Outros,Vórtx DTVM LTDA,0,NA,NA,NA,0,NA,0,NA,532,0,0,0
HPDP11,Investidor Qualificado,Tijolo: Shoppings,Hedge Investments DTVM LTDA,0.2,0.19,2020-03-13,2020-02-28,0.11,0.11,97.27,1.08,287,0,106,273217980.64000005
HRDF11,Investidor Qualificado,Tijolo: Desenvolvimento,Hedge Investments DTVM LTDA,0,NA,NA,NA,0,NA,2.04,0,3296,0,259,15442214.12
HSML11 ,Geral,Tijolo: Shoppings,Santander Securities Services Brasil DTVM,0.6,0.52,2020-03-06,2020-02-28,0.36,0.31,96.16,1.2,83846,2.16,71115,1517517090.72
HTMX11,Geral,Tijolo: Hotéis,BTG Pactual,0.71,0.45,2020-03-06,2020-02-28,0.8300000000000001,0.53,146.54,1.07,5777,0.14,20854,184198566.67
HUSC11,Geral,Tijolo: Hospital,Rio Bravo Investimentos,0.42000000000000004,0.27,2019-07-15,2019-06-28,0.04,0.02,98.79,1.57,115,0,414,71305709.42
HUSI11,Geral,Tijolo: Hospital,Planner Corretora de Valores,0,NA,NA,NA,0,NA,893.26,0,0,0,1,9182744.870000001
IBFF11,Geral,Papel: Fundo de Fundos,BTG Pactual,0.7,0.72,2020-03-17,2020-03-10,0.28,0.29000000000000004,95.98,1.02,2351,0,2882,63990980.160000004
IRDM11,Geral,Papel: CRIs,BTG Pactual,0.9500000000000001,0.77,2020-03-17,2020-03-10,0.89,0.73,99.98,1.23,37053,1.3,42192,726917420.59
JPPA11,Geral,Papel: CRIs,Vórtx DTVM LTDA,0.7,0.63,2020-03-13,2020-02-28,0.26,0.24000000000000002,106.21000000000001,1.05,30,0,103,53695038.660000004
JPPC11,Geral,Tijolo: Desenvolvimento,Banco Finaxis,5.98,1.49,2020-03-13,2020-02-28,10.719999999999999,2.67,494.13,0.81,4,0,77,27176984.919999998
JRDM11,Geral,Tijolo: Shoppings,BTG Pactual,0.4,0.39,2020-03-13,2020-03-06,0.48000000000000004,0.47000000000000003,90.51,1.12,4627,0.32,6345,228341214.2
JSRE11,Geral,Híbrido (Tijolo/Papel),Banco J. Safra,0.44,0.38,2020-03-20,2020-02-28,0.56,0.48000000000000004,115.39,1.01,49963,3.09,43317,1597604630.9
JTPR11,Geral,Tijolo: Desenvolvimento,Planner Corretora de Valores,1.2,NA,2019-04-15,2019-03-29,0.1,NA,124.45,0,0,0,7,26716643.610000003
KFOF11,Geral,Papel: Fundo de Fundos,INTRAG DTVM,0.54,0.43000000000000005,2020-03-13,2020-02-28,0.55,0.43000000000000005,122.85,1.02,4759,0,4287,442083632.32
KINP11,Investidor Qualificado,Tijolo: Desenvolvimento,INTRAG DTVM,0.15000000000000002,1.11,2020-01-15,2019-12-30,0.03,0.21000000000000002,10.139999999999999,1.36,112,0,193,72494041.6
KNCR11,Geral,Papel: CRIs,INTRAG DTVM,0.41000000000000003,0.4,2020-03-12,2020-02-28,0.54,0.52,104.94000000000001,0.98,72734,4.859999999999999,65282,4102988567.56
KNHY11,Investidor Qualificado,Papel: CRIs,INTRAG DTVM,0.9,0.7799999999999999,2020-03-12,2020-02-28,0.75,0.6599999999999999,109.86999999999999,1.04,3074,1.28,3973,861831328.72
KNIP11,Investidor Qualificado,Papel: CRIs,INTRAG DTVM,0.8,0.6799999999999999,2020-03-12,2020-02-28,0.73,0.62,114.91000000000001,1.02,82089,5.25,21423,3769403712.34
KNRE11,Investidor Qualificado,Tijolo: Desenvolvimento,INTRAG DTVM,0.26,3.92,2019-11-14,2019-10-31,0.06,0.8600000000000001,4.49,1.47,4438,0.15000000000000002,6215,83294011.64
KNRI11,Geral,Tijolo: Híbrido,INTRAG DTVM,0.74,0.43000000000000005,2020-03-13,2020-02-28,0.74,0.43000000000000005,150.76999999999998,1.1300000000000001,92225,5.25,176423,3558360265.46
LATR11B,Investidor Qualificado,Tijolo: Desenvolvimento,Oliveira Trust,336.52,NA,2019-08-23,2019-08-16,33.68,NA,145.20999999999998,0,4,0,144,18021535.86
LGCP11,Geral,Tijolo: Galpões,Inter DTVM,0.46,0.44,2020-03-13,2020-02-28,0.05,0.05,95.84,1.1,8661,0,5219,168954364.85000002
LOFT11B,Investidor Qualificado,Tijolo: Desenvolvimento,Modal DTVM,1.33,1.28,2020-01-15,2019-12-30,0.17,0.16,90.43,1.1500000000000001,35,0,204,232127729.26
LUGG11,Geral,Tijolo: Desenvolvimento,Inter DTVM,0.49,0.47000000000000003,2020-03-13,2020-02-28,0.05,0.05,95.5,1.1,4475,0,4596,85953493.38
LVBI11,Geral,Tijolo: Galpões,BTG Pactual,0.64,0.52,2020-03-06,2020-02-28,0.6699999999999999,0.54,102.82,1.21,43815,1.1800000000000002,24613,775061197.16
MALL11,Geral,Tijolo: Shoppings,Geração Futuro Corretora de Valores,0.5,0.44,2020-03-13,2020-02-28,0.55,0.48000000000000004,105.86999999999999,1.08,45904,1.04,59377,800448247.8599999
MAXR11,Geral,Tijolo: Varejo,BTG Pactual,12.950000000000001,0.6,2020-03-13,2020-03-06,15.59,0.72,2238.46,0.97,779,0.17,2594,132617302.88
MBRF11,Geral,Tijolo: Escritórios,Rio Bravo Investimentos,8.5,0.6799999999999999,2020-03-13,2020-03-05,8.46,0.6699999999999999,1282.25,0.98,680,0.16,2862,130359061.22
MCCI11,Geral,Papel: CRIs,BTG Pactual,0.8500000000000001,0.8300000000000001,2020-03-18,2020-03-11,0.15000000000000002,0.15000000000000002,99.89,1.02,17913,0,8557,688265973.9599999
MFII11,Geral,Tijolo: Desenvolvimento,Planner Corretora de Valores,1.02,0.8,2020-03-13,2020-02-28,1.07,0.8400000000000001,117.88,1.09,7608,0.4,20231,295009357.54
MGFF11,Geral,Papel: Fundo de Fundos,BTG Pactual,0.7,0.6599999999999999,2020-03-17,2020-03-06,0.76,0.71,97.96000000000001,1.09,73783,1.07,46486,768779831.81
MXRF11,Geral,Papel: CRIs,BTG Pactual,0.09,0.8,2020-03-06,2020-02-28,0.08,0.74,10.33,1.08,148482,1.8,134663,1068617579.2800001
NCHB11,Investidor Qualificado,Papel: CRIs,BTG Pactual,0.14,NA,2020-03-13,2020-03-06,2.03,NA,91.76,0,0,0,1,11286368.48
NEWL11,Geral,Tijolo: Galpões,Brasil Plural S.A. Banco Múltiplo,0.7,0.58,2020-03-13,2020-02-28,0.19,0.16,100.91000000000001,1.1900000000000002,536,0,230,86354111.56
NPAR11,Geral,Papel: CRIs,Planner Corretora de Valores,0.98,0.81,2019-01-15,2018-12-28,0,0,125.85,0.96,11,0,61,14494725.98
NSLU11,Geral,Tijolo: Hospital,BTG Pactual,1.6900000000000002,0.6799999999999999,2020-03-06,2020-02-28,1.6600000000000001,0.6699999999999999,190.73999999999998,1.3,1646,0.37,5201,218358407.92000002
NVHO11,Geral,Tijolo: Hospital,Geração Futuro Corretora de Valores,0.06,0.49,2020-03-09,2020-02-28,0.06,0.48000000000000004,7.22,1.6900000000000002,1268,0,93,299736890.32
NVIF11B,Investidor Qualificado,Tijolo: Desenvolvimento,Modal DTVM,0.89,NA,2020-03-13,2020-02-28,0.89,NA,185.8,0,0,0,7,62688219.67
ONEF11,Geral,Tijolo: Escritórios,Rio Bravo Investimentos,0.62,0.38,2020-03-13,2020-03-05,0.6599999999999999,0.4,154.25,1.07,10649,0.21000000000000002,6506,140522762.08
ORPD11,Investidor Qualificado,Tijolo: Desenvolvimento,Planner Corretora de Valores,1.3800000000000001,1.1,2019-03-29,2019-02-28,0.11,0.09,133.39000000000001,0.9400000000000001,2,0,7,38682961.37
OUCY11,Geral,Papel: CRIs,Banco Ourinvest S.A.,0.6,0.59,2020-02-21,2020-02-14,0.61,0.59,100.1,1.03,934,0,1861,83266582.73
OUFF11,Geral,Papel: Fundo de Fundos,Banco Ourinvest S.A.,0.7,0.6599999999999999,2020-02-21,2020-02-14,0.32,0.3,105.56,1,999,0,1635,70893502.47
OUJP11,Geral,Papel: CRIs,Finaxis CTVM SA,0.8400000000000001,0.77,2020-03-13,2020-02-28,0.73,0.6699999999999999,102.43,1.07,15511,0.49,12754,196673161.23
OULG11B,Geral,Tijolo: Galpões,Banco Ourinvest S.A.,0.32999999999999996,0.31,2020-02-21,2020-02-14,0.7799999999999999,0.72,96.53,1.11,6454,0,2627,239512535.86
PABY11,Geral,Tijolo: Desenvolvimento,BRKB DTVM,0,NA,NA,NA,0,NA,-8.04,0,497,0,489,-6100863.72
PATC11,Geral,Tijolo: Escritórios,Modal DTVM,0.3,0.3,2020-03-09,2020-02-28,0.32,0.32,99.36999999999999,1.01,50274,0.44,19675,345554821.61
PBLV11,Investidor Qualificado,Tijolo: Galpões,BRL Trust DTVM,24.55,NA,2020-01-29,2020-01-27,2.05,NA,1125.33,0,0,0,0,2665785809.24
PLCR11,Geral,Papel: CRIs,Brasil Plural S.A. Banco Múltiplo,0.3,0.35,2020-03-13,2020-02-28,0.07,0.09,96.09,0.9,1998,0,4193,202675003.51
PLRI11,Investidor Qualificado,Papel: CRIs,Oliveira Trust,0.11,0.22,2020-03-06,2020-02-28,0.31,0.58,69.55,0.75,406,0,755,66372486.97
PORD11,Investidor Qualificado,Papel: CRIs,Oliveira Trust,0.61,0.59,2020-03-06,2020-02-28,4.9,4.79,104.41000000000001,0.98,9624,0.37,2473,104405924.73
PQDP11,Geral,Tijolo: Shoppings,BTG Pactual,19.49,0.58,2020-03-20,2020-02-28,14.66,0.44,3385.17,0.99,533,1.09,4449,807285449.8399999
PRSN11B,Investidor Qualificado,Tijolo: Desenvolvimento,Oliveira Trust,0.01,0.37,2020-01-15,2020-01-08,0,0.04,0.49,4.56,3733,0,912,25492187.75
PRSV11,Geral,Tijolo: Escritórios,BEM DTVM,2.2,0.53,2020-03-20,2020-03-11,2.05,0.49,394.94,1.05,114,0,1371,77013988.56
PRTS11,Investidor Qualificado,Tijolo: Shoppings,Banco Modal S.A.,0,NA,NA,NA,0,NA,0.23,0,0,0,11,12765496.9
QAGR11,Geral,Indefinido,BTG Pactual,0.09,0.1,2020-03-13,2020-03-06,0.04,0.04,95.91000000000001,1.02,33807,0,13981,483370586.69
RBBV11,Geral,Tijolo: Desenvolvimento,Caixa Econômica Federal,0.28,0.31,2020-03-11,2020-03-02,0.43000000000000005,0.47000000000000003,100.19,0.9,885,0.16,3112,125660614.57
RBCB11,Investidor Qualificado,Papel: CRIs,Rio Bravo Investimentos,0.3,0.18,2019-06-10,2019-05-31,0.43000000000000005,0.25,0.75,226.6,248,0,460,40071.39
RBCO11,Geral,Tijolo: Escritórios,BRL Trust DTVM,0.88,0.8500000000000001,2020-03-13,2020-02-28,0.3,0.29000000000000004,111,0.9400000000000001,700,0,1094,86471045.94000001
RBDS11,Investidor Qualificado,Tijolo: Desenvolvimento,Oliveira Trust,1.84,2.65,2019-12-10,2019-11-29,1.92,2.75,42.59,1.6300000000000001,551,0,1057,5388017.17
RBED11,Geral,Tijolo: Educacional,Rio Bravo Investimentos,1,0.5700000000000001,2020-03-13,2020-02-28,1.03,0.59,149.70999999999998,1.1700000000000002,4354,0.53,7945,267570052.82000002
RBFF11,Geral,Papel: Fundo de Fundos,BRL Trust DTVM,0.65,0.71,2020-03-13,2020-02-28,0.72,0.7899999999999999,84.92,1.07,3254,0,4254,107601148.63
RBGS11,Geral,Tijolo: Shoppings,Oliveira Trust,0.53,0.8700000000000001,2020-03-13,2020-02-28,0.26,0.42000000000000004,86.13,0.71,1503,0,2984,92851179.5
RBIV11,Geral,Papel: CRIs,BRL Trust DTVM,0.29000000000000004,0.29000000000000004,2020-03-13,2020-02-28,0.05,0.05,96.41000000000001,1.01,863,0,2376,98758919.86999999
RBRD11,Geral,Tijolo: Varejo,Votorantim Asset Management,0.56,0.65,2020-03-13,2020-02-28,0.75,0.8700000000000001,79.57,1.09,2614,0.19,6555,147355169.63
RBRF11,Geral,Papel: Fundo de Fundos,BTG Pactual,0.7,0.62,2020-03-17,2020-03-10,0.76,0.6799999999999999,105.85,1.06,68601,1.27,38292,556630923.7
RBRM11,Investidor Qualificado,Tijolo: Desenvolvimento,BTG Pactual,3397.9100000000003,NA,2020-02-18,2020-02-11,302.65000000000003,NA,160662.1,0,0,0,52,86996919.58
RBRP11,Investidor Qualificado,Tijolo: Escritórios,BRL Trust DTVM,0.5,0.56,2020-03-13,2020-03-06,0.39,0.43000000000000005,85.13,1.04,21909,0,11720,728086681.8199999
RBRR11,Geral,Papel: CRIs,BTG Pactual,0.6,0.59,2020-03-17,2020-03-10,0.58,0.58,98.38,1.03,44047,0.91,52133,682980800.69
RBRY11,Investidor Qualificado,Papel: CRIs,BTG Pactual,0.7,0.6799999999999999,2020-03-17,2020-03-10,0.71,0.7,105.66999999999999,0.97,251,0,352,207605039.65
RBTS11,Investidor Qualificado,Tijolo: Desenvolvimento,Oliveira Trust,0,NA,NA,NA,0,NA,975.2800000000001,0,0,0,56,55127852.28
RBVA11,Geral,Tijolo: Bancário,Rio Bravo Investimentos,0.9,0.62,2020-03-13,2020-02-28,0.98,0.6699999999999999,125.11999999999999,1.1700000000000002,6080,1.08,12339,715851303.9599999
RBVO11,Geral,Papel: CRIs,Rio Bravo Investimentos,0.11,0.44,2020-03-09,2020-02-28,0.2,0.7799999999999999,30.37,0.8300000000000001,1107,0.02,1489,15667387.55
RCFA11,Geral,Tijolo: Desenvolvimento,Fram Capital DTVM SA,0,NA,NA,NA,0,NA,1.62,0,3837,0,1353,18882767.66
RCRB11,Geral,Tijolo: Escritórios,Rio Bravo Investimentos,0.8,0.4,2020-03-13,2020-03-05,0.65,0.32999999999999996,198.29,1,30645,0.75,23144,590233838.54
RCRI11B,Investidor Qualificado,Papel: CRIs,Oliveira Trust,28.1,NA,2020-01-15,2019-12-30,3.16,NA,1053.33,0,0,0,142,63214279.949999996
RDES11,Geral,Tijolo: Escritórios,Brasil Plural S.A. Banco Múltiplo,0.04,0.06,2020-02-14,2020-01-31,1.02,1.47,88.83,0.7799999999999999,951,0,2166,65915339.15
RDPD11,Geral,Papel: CRIs,Votorantim Asset Management,0.35,0.4,2020-03-13,2020-02-28,0.43000000000000005,0.49,97.67999999999999,0.91,307,0,863,105301271.88
RECT11,Geral,Indefinido,BRL Trust DTVM,0.8400000000000001,0.81,2020-03-13,2020-03-06,0.69,0.6599999999999999,99.74000000000001,1.05,13397,0.88,12455,503550592.36
REIT11,Investidor Qualificado,Papel: CRIs,BNY Mellon,26.01,1.99,2020-01-15,2019-12-30,8.01,0.61,1297.6699999999998,1.01,12,0,28,34117064.68
RFOF11,Geral,Papel: Fundo de Fundos,BRL Trust DTVM,0,NA,NA,NA,0,NA,97.5,0,42,0,2181,105124769.8
RNDP11,Geral,Papel: CRIs,Votorantim Asset Management,3.53,0.37,2020-03-13,2020-02-28,4.76,0.5,1087.3799999999999,0.8700000000000001,113,0,927,116873152.26
RNGO11,Geral,Tijolo: Escritórios,Rio Bravo Investimentos,0.47000000000000003,0.48000000000000004,2020-03-13,2020-02-28,0.49,0.5,102.57,0.96,11352,0.29000000000000004,15251,274464965.11
RSPD11,Investidor Qualificado,Tijolo: Desenvolvimento,Oliveira Trust,0,NA,NA,NA,0,NA,1001.3199999999999,0,2,0,26,25032996.419999998
RVBI11,Geral,Papel: Fundo de Fundos,BRL Trust DTVM,0,NA,NA,NA,0,NA,96.29,0,3430,0,9491,138659887.54
SAAG11,Geral,Tijolo: Bancário,Rio Bravo Investimentos,0.93,0.72,2020-03-13,2020-02-28,0.93,0.71,111.39,1.1700000000000002,13475,0.96,16072,627292921.93
SADI11,Geral,Papel: CRIs,Santander Securities Services Brasil DTVM,0.29000000000000004,0.31,2020-03-13,2020-02-28,0.19,0.2,100.14,0.92,4050,0,2870,318467698.97999996
SAIC11B,Investidor Qualificado,Tijolo: Escritórios,BRB DTVM,0.6599999999999999,1.09,2018-10-16,2018-10-01,0,0,63.06,0.97,6,0,62,90160925.14999999
SARE11,Geral,Indefinido,Santander Securities Services Brasil DTVM,0.22,0.22,2020-03-13,2020-02-28,0.05,0.04,100.16,1.01,9626,0,4613,360571082.18
SCPF11,Geral,Tijolo: Shoppings,BR-CAPITAL,0.05,0.41000000000000003,2020-03-13,2020-03-05,0.06,0.48000000000000004,11.55,1.12,2652,0,4364,48522250.48
SDIL11,Geral,Tijolo: Galpões,Rio Bravo Investimentos,0.52,0.47000000000000003,2020-03-13,2020-02-28,0.6,0.54,95.4,1.1600000000000001,48202,0.93,34195,455081776.13
SDIP11,Geral,Tijolo: Escritórios,BRL Trust DTVM,0.56,0.56,2020-03-13,2020-02-28,0.19,0.19,93.92,1.06,7453,0,5254,339695038.35
SFND11,Geral,Tijolo: Escritórios,Rio Bravo Investimentos,0.6699999999999999,NA,2020-03-13,2020-03-05,0.75,NA,105.33,0,0,0,55,103376415.78
SHDP11B,Geral,Tijolo: Shoppings,BTG Pactual,8.450000000000001,NA,2020-02-20,2020-02-13,6.470000000000001,NA,1385.54,0,2,0,3,1990477552.6899998
SHOP11,Investidor Qualificado,Tijolo: Shoppings,Banco Modal S.A.,0,NA,NA,NA,0,NA,126.27,0,0,0,9,162839274.6
SHPH11,Geral,Tijolo: Shoppings,Rio Bravo Investimentos,3.6,0.37,2020-03-13,2020-02-28,3.75,0.38,787.53,1.24,786,0.8,2809,479563792.75
SNCR11,Geral,Papel: CRIs,CM Capital Markets,0.23,0.23,2020-03-09,2020-03-02,0.04,0.04,100.41000000000001,1,161,0,100,67147320.17999999
SPAF11,Investidor Qualificado,Tijolo: Shoppings,Brasil Plural S.A. Banco Múltiplo,1.81,NA,2020-03-06,2020-02-28,2.5,NA,1111.31,0,0,0,1,12524512.8
SPTW11,Geral,Tijolo: Escritórios,Geração Futuro Corretora de Valores,0.75,0.8700000000000001,2020-03-09,2020-02-28,0.71,0.8200000000000001,77.84,1.11,17813,0.19,13324,139956885.92000002
STRX11,Geral,Tijolo: Desenvolvimento,Oliveira Trust,37.06,0.23,2020-03-20,2020-02-28,22.68,0.14,18086.64,0.8700000000000001,0,0,53,278147226.55
TBOF11,Geral,Tijolo: Escritórios,BTG Pactual,0.36,0.35,2020-02-28,2020-02-17,0.31,0.31,106.79,0.9500000000000001,13378,1.45,9946,1073193549.5
TCPF11,Investidor Qualificado,Indefinido,BR-CAPITAL,1.8,NA,2020-01-15,2020-01-07,0.15000000000000002,NA,96.11,0,0,0,52,28575760.39
TFOF11,Investidor Qualificado,Papel: Fundo de Fundos,Hedge Investments DTVM LTDA,0.8,0.56,2020-03-13,2020-02-28,1.93,1.36,136.46,1.04,5472,0.16,1905,116065615.08
TGAR11,Geral,Tijolo: Desenvolvimento,Vórtx DTVM LTDA,0.7,0.52,2020-03-09,2020-02-28,0.88,0.6599999999999999,133.20999999999998,1.01,14737,0.52,17519,461674700.97999996
THRA11,Geral,Tijolo: Escritórios,BTG Pactual,0.64,0.41000000000000003,2020-03-13,2020-03-06,0.61,0.4,119.26,1.29,2928,0.31,2731,175636737.67
TORM13,Investidor Qualificado,Tijolo: Desenvolvimento,Vórtx DTVM LTDA,0.45,NA,2020-03-13,2020-02-28,0.36,NA,1407.82,0,0,0,221,14078150.54
TOUR11,Investidor Qualificado,Tijolo: Desenvolvimento,Vórtx DTVM LTDA,1.23,NA,2020-03-13,2020-03-02,0.6699999999999999,NA,281.41999999999996,0,2,0,104,2814213.8899999997
TRNT11,Geral,Tijolo: Escritórios,BTG Pactual,0.74,0.31,2020-02-20,2020-02-13,0.75,0.31,221.68,1.08,106,0,697,872448154.53
TRXF11,Geral,Tijolo: Outros,BRL Trust DTVM,0.5700000000000001,0.49,2020-03-13,2020-02-28,0.17,0.15000000000000002,100.96000000000001,1.1600000000000001,206,0,138,188692517.28
TSNC11,Geral,Tijolo: Outros,Banco Finaxis,33.8,NA,2020-03-20,2020-03-11,42.27,NA,5586.57,0,0,0,66,101189591.94000001
UBSR11,Geral,Papel: CRIs,BRL Trust DTVM,1,0.9500000000000001,2020-03-13,2020-03-06,0.8,0.76,96.97,1.08,21970,1.52,26832,664783049.99
VCJR11,Investidor Qualificado,Papel: CRIs,INTRAG DTVM,0.31,0.29000000000000004,2020-03-12,2020-02-28,0.07,0.07,100.64999999999999,1.07,780,0,2769,584926193.03
VERE11,Geral,Tijolo: Galpões,Votorantim Asset Management,1.7,NA,2020-03-10,2020-02-28,1.62,NA,262.38,0,3,0,54,144332528.63
VGIR11,Geral,Papel: CRIs,BTG Pactual,0.55,0.56,2020-03-18,2020-03-11,0.7,0.7,96.99000000000001,1.02,38177,0.59,27857,437067406.21999997
VILG11,Geral,Tijolo: Galpões,BRL Trust DTVM,0.6599999999999999,0.53,2020-03-13,2020-02-28,0.72,0.58,109.35,1.1300000000000001,73243,1.71,25366,478892554.94
VINO11,Geral,Tijolo: Escritórios,BRL Trust DTVM,0.37,0.55,2020-03-13,2020-02-28,0.09,0.14,61.160000000000004,1.09,39409,0,16206,608105797.41
VISC11,Geral,Tijolo: Shoppings,BRL Trust DTVM,0.63,0.5,2020-03-13,2020-02-28,0.6699999999999999,0.52,121.76,1.04,92171,2.15,144388,1737659655.2
VLJS11,Investidor Qualificado,Tijolo: Escritórios,Planner Corretora de Valores,16.43,NA,2020-01-20,2020-01-02,3.16,NA,984.9599999999999,0,0,0,12,58090267.97
VLOL11,Geral,Tijolo: Escritórios,Oliveira Trust,0.47000000000000003,0.42000000000000004,2020-03-13,2020-02-28,0.45,0.4,90.63,1.24,6877,0.29000000000000004,7038,161756697.29
VOTS11,Geral,Papel: CRIs,Votorantim Asset Management,0.35,0.38,2020-03-13,2020-02-28,0.46,0.5,97.64,0.9400000000000001,279,0,399,80834533.1
VPSI11,Investidor Qualificado,Tijolo: Shoppings,Votorantim Asset Management,0.09,NA,2020-03-11,2020-03-03,0.1,NA,19.58,0,0,0,53,158025836.91
VRTA11,Geral,Papel: CRIs,Banco Fator,0.81,0.64,2020-03-13,2020-02-28,0.8600000000000001,0.6799999999999999,106.31,1.1900000000000002,21917,0.7799999999999999,44651,515677694.76
VSHO11,Investidor Qualificado,Tijolo: Shoppings,Votorantim Asset Management,0.7,0.62,2020-03-09,2020-02-28,0.62,0.55,107.66,1.05,2246,0.32,1452,225966788.20999998
VTLT11,Investidor Qualificado,Tijolo: Galpões,Votorantim Asset Management,0.72,0.62,2020-03-09,2020-02-28,0.75,0.65,100.8,1.1500000000000001,3040,0.32999999999999996,2157,213190076.47
VVPR11,Investidor Qualificado,Tijolo: Escritórios,BTG Pactual,0.7,0.6599999999999999,2020-03-06,2020-02-28,0.09,0.09,99.04,1.07,2644,0,639,135504704.20999998
WPLZ11,Geral,Tijolo: Shoppings,Hedge Investments DTVM LTDA,1.05,1.02,2020-03-13,2020-02-28,0.54,0.53,94.56,1.08,705,0.14,2034,96522859.73
WTSP11B,Investidor Qualificado,Tijolo: Híbrido,Banco Ourinvest S.A.,0.31,0.44,2020-02-21,2020-02-14,0.39,0.55,91.23,0.77,105,0,153,90554690.86999999
XPCI11,Geral,Papel: CRIs,Vórtx DTVM LTDA,0.65,0.65,2020-03-13,2020-02-28,0.19,0.19,97.44000000000001,1.03,14069,0,5144,97440232.39
XPCM11,Geral,Tijolo: Escritórios,Rio Bravo Investimentos,0.8400000000000001,1.4,2020-03-13,2020-02-28,0.8300000000000001,1.3900000000000001,61.78,0.97,13524,0.16,18681,149160413.97
XPHT11,Investidor Qualificado,Tijolo: Hotéis,Genial Investimentos Corretora de Valores Mobiliários S.A.,0.29000000000000004,0.28,2020-03-13,2020-02-28,0.41000000000000003,0.4,109.56,0.9500000000000001,792,0,1604,409485919.05
XPIN11,Geral,Tijolo: Galpões,Vórtx DTVM LTDA,0.71,0.55,2020-02-14,2020-02-07,0.71,0.55,113.7,1.1500000000000001,40652,1.01,22454,247878643.78
XPLG11,Geral,Tijolo: Galpões,Vórtx DTVM LTDA,0.64,0.48000000000000004,2020-03-13,2020-02-28,0.63,0.48000000000000004,109.16,1.21,112869,3.13,127423,1666874761.12
XPML11,Geral,Tijolo: Shoppings,BTG Pactual,0.5,0.36,2020-02-21,2020-02-14,0.56,0.4,108.26,1.29,119366,2.56,181946,1971202598.44
XPPR11,Geral,Tijolo: Escritórios,Vórtx DTVM LTDA,0.52,0.51,2020-03-13,2020-02-28,0.13,0.13,95.99000000000001,1.06,35960,0,19696,414675836.2
XPSF11,Geral,Papel: Fundo de Fundos,Vórtx DTVM LTDA,0.7,0.7,2020-03-13,2020-02-28,0.06,0.06,102.36,0.98,3505,0,1755,342896033.76
XTED11,Geral,Tijolo: Escritórios,BTG Pactual,0.32,NA,2016-07-14,2016-06-30,0,NA,14.88,0,7410,0.02,6091,26669231.58
YCHY11,Investidor Qualificado,Tijolo: Galpões,Fram Capital DTVM SA,11,0.92,2019-12-06,2019-11-29,2,0.17,1013.25,1.1700000000000002,56,0,81,21928788.68
